X.SampleID,time,Vessel,Researcher,Note,Comments
T..0.V.1.Rep.1..set.7.44.wellD6,2015-11-01T15:00:00Z,1,HKD,,
T..0.V.2.Rep.1..set.3.91..Well.C12,2015-11-01T15:00:00Z,2,HKD,,
T..0.V.3.Rep.1.,2015-11-01T15:00:00Z,3,HKD,,
T..0.V.4.Rep.1..Set.4.77..WellE10,2015-11-01T15:00:00Z,4,HKD,,
T..1.Days.V.1.Rep.1..Set.1.54.Well.F7,2015-11-02T15:00:00Z,1,HKD,,
T..1.Days.V.2.Rep.1.,2015-11-02T15:00:00Z,2,HKD,,
T..1.Days.V.3.Rep.1..Set.4.68..WellD9,2015-11-02T15:00:00Z,3,HKD,,
T..1.Days.V.4.Rep.1..Set.1.7.Well.G1,2015-11-02T15:00:00Z,4,HKD,,
T..2.Day.V.1.Rep.1..set.3.26..Well.B4,2015-11-03T15:00:00Z,1,LD,,
T..2.Day.V.2.Rep.1..Set.1.59.Well.C8,2015-11-03T15:00:00Z,2,LD,,
T..2.Day.V.3.Rep.1..Set.5.7.WellG1,2015-11-03T15:00:00Z,3,LD,,
T..2.Day.V.4.Rep.1..Set.4.14..WellF2,2015-11-03T15:00:00Z,4,LD,,
T..3.Days.V.1.Rep.1..Set.6.10.wellB2,2015-11-04T15:00:00Z,1,RB,,
T..3.Days.V.2.Rep.1..set.7.15.wellG2,2015-11-04T15:00:00Z,2,RB,,
T..3.Days.V.3.Rep.1..set.3.32..Well.H4,2015-11-04T15:00:00Z,3,RB,,
T..3.Days.V.4.Rep.1..Set.6.5.wellE1,2015-11-04T15:00:00Z,4,RB,,
T..6.Days.V.1.Rep.1..Set.1.51.Well.C7,2015-11-07T15:00:00Z,1,HKD,,
T..6.Days.V.2.Rep.1.,2015-11-07T15:00:00Z,2,HKD,,
T..6.Days.V.3.Rep.1..Set.4.95..WellG12,2015-11-07T15:00:00Z,3,HKD,,
T..6.Days.V.4.Rep.1..Set.1.76.Well.D10,2015-11-07T15:00:00Z,4,HKD,,
T..7.Days.V.1.Rep.1..Set.5.78.WellF10,2015-11-08T15:00:00Z,1,HKD,1,Samples Left Out
T..7.Days.V.2.Rep.1..set.3.55.Well.G7,2015-11-08T15:00:00Z,2,HKD,1,Samples Left Out
T..7.Days.V.3.Rep.1..Set.5.58.WellB8,2015-11-08T15:00:00Z,3,HKD,1,Samples Left Out
T..7.Days.V.4.Rep.1..Set.6.21.wellE3,2015-11-08T15:00:00Z,4,HKD,1,Samples Left Out
T..8.Days.V.1.Rep.1.,2015-11-09T15:00:00Z,1,HKD,,
T..8.Days.V.2.Rep.1.,2015-11-09T15:00:00Z,2,HKD,,
T..8.Days.V.2.Rep.1..set.2.57.wellA8,2015-11-09T15:00:00Z,2,HKD,,
T..8.Days.V.3.Rep.1..Set.6.70.wellF9,2015-11-09T15:00:00Z,3,HKD,1,High Volume in Vessel
T..8.Days.V.4.Rep.1..Set.1.79.Well.G10,2015-11-09T15:00:00Z,4,HKD,,
T..9.Days.V.1.Rep.1..set.3.84.Well.D11,2015-11-10T15:00:00Z,1,HKD,,
T..9.Days.V.2.Rep.1..Set.4.42..WellB6,2015-11-10T15:00:00Z,2,HKD,,
T..9.Days.V.3.Rep.1..Set.5.25.WellA4,2015-11-10T15:00:00Z,3,HKD,,
T..9.Days.V.4.Rep.1..Set.5.84.WellD11,2015-11-10T15:00:00Z,4,HKD,,
T..10.Days.V.1.Rep.1..Set.4.55..WellG7,2015-11-11T15:00:00Z,1,HKD,1,Sample Port Full at Sampling
T..10.Days.V.2.Rep.1..set.7.26.wellB4,2015-11-11T15:00:00Z,2,HKD,1,Sample Port Full at Sampling
T..10.Days.V.3.Rep.1.,2015-11-11T15:00:00Z,3,HKD,1,Sample Port Full at Sampling
T..10.Days.V.4.Rep.1..set.3.14..Well.F2,2015-11-11T15:00:00Z,4,HKD,1,Sample Port Full at Sampling
T..11.Days.V.1.Rep.1..Set.6.80.wellH10,2015-11-12T15:00:00Z,1,LDW,,
T..11.Days.V.2.Rep.1.,2015-11-12T15:00:00Z,2,LDW,,
T..11.Days.V.3.Rep.1..Set.4.92..WellD12,2015-11-12T15:00:00Z,3,LDW,,
T..11.Days.V.4.Rep.1.,2015-11-12T15:00:00Z,4,LDW,,
T..13.Days.V.1.Rep.1.,2015-11-14T15:00:00Z,1,RB,1,Low Waste Level Unclear Importance
T..13.Days.V.2.Rep.1.,2015-11-14T15:00:00Z,2,RB,1,Low Waste Level Unclear Importance
T..13.Days.V.3.Rep.1..set.3.64.Well.H8,2015-11-14T15:00:00Z,3,RB,,
T..13.Days.V.4.Rep.1..set.3.38..Well.F5,2015-11-14T15:00:00Z,4,RB,,
T..14.Days.V.1.Rep.1..set.3.58.Well.B8,2015-11-15T15:00:00Z,1,HKD,,
T..14.Days.V.2.Rep.1..Set.4.67..WellC9,2015-11-15T15:00:00Z,2,HKD,,
T..14.Days.V.3.Rep.1..Set.1.44.Well.D6,2015-11-15T15:00:00Z,3,HKD,,
T..14.Days.V.4.Rep.1..Set.6.76.wellD10,2015-11-15T15:00:00Z,4,HKD,,
T..15.Days.V.1.Rep.1.,2015-11-16T15:00:00Z,1,HKD,,
T..15.Days.V.2.Rep.1.,2015-11-16T15:00:00Z,2,HKD,,
T..15.Days.V.3.Rep.1..set.3.62.Well.F8,2015-11-16T15:00:00Z,3,HKD,,
T..15.Days.V.4.Rep.1..Set.4.71..WellG9,2015-11-16T15:00:00Z,4,HKD,,
T..16.Days.V.1.Rep.1..Set.4.2..WellB1,2015-11-17T15:00:00Z,1,JDS,,
T..16.Days.V.2.Rep.1.,2015-11-17T15:00:00Z,2,JDS,,
T..16.Days.V.3.Rep.1..set.3.15..Well.G2,2015-11-17T15:00:00Z,3,JDS,,
T..16.Days.V.4.Rep.1..set.3.70.Well.F9,2015-11-17T15:00:00Z,4,JDS,,
T..17.Days.V.1.Rep.1..set.3.56.Well.H7,2015-11-18T15:00:00Z,1,HKD,,
T..17.Days.V.2.Rep.1..Set.1.58.Well.B8,2015-11-18T15:00:00Z,2,HKD,,
T..17.Days.V.3.Rep.1..set.7.20.wellD3,2015-11-18T15:00:00Z,3,HKD,,
T..17.Days.V.4.Rep.1..Set.5.4.WellD1,2015-11-18T15:00:00Z,4,HKD,,
T..18.Days.V.1.Rep.1..Set.1.42.Well.B6,2015-11-19T15:00:00Z,1,LDW,1,T-Line for Feed not working
T..18.Days.V.2.Rep.1..Set.4.87..WellG11,2015-11-19T15:00:00Z,2,LDW,1,T-Line for Feed not working
T..18.Days.V.3.Rep.1..Set.6.64.wellH8,2015-11-19T15:00:00Z,3,LDW,,
T..18.Days.V.4.Rep.1..Set.4.73..WellA10,2015-11-19T15:00:00Z,4,LDW,,
T..19.Days.V.1.Rep.1..Set.6.90.wellB12,2015-11-20T15:00:00Z,1,LDW,,
T..19.Days.V.2.Rep.1..set.3.85.Well.E11,2015-11-20T15:00:00Z,2,LDW,,
T..19.Days.V.3.Rep.1..set.3.7..Well.G1,2015-11-20T15:00:00Z,3,LDW,,
T..19.Days.V.4.Rep.1..set.3.92..Well.D12,2015-11-20T15:00:00Z,4,LDW,,
T..19d.20h.00m.V1.Rep1.Set.6.88.wellH11,2015-11-20T20:00:00Z,1,JDS,,
T..19d.20h.00m.V2.Rep1.Set.6.14.wellF2,2015-11-20T20:00:00Z,2,JDS,,
T..19d.20h.00m.V3.Rep1.Set.1.53.Well.E7,2015-11-20T20:00:00Z,3,JDS,,
T..19d.20h.00m.V4.Rep1.Set.4.52..WellD7,2015-11-20T20:00:00Z,4,JDS,,
T..19d.21h.00m.V1.Rep1.set.7.32.wellH4,2015-11-20T21:00:00Z,1,JDS,,
T..19d.21h.00m.V2.Rep1.set.3.10..Well.B2,2015-11-20T21:00:00Z,2,JDS,,
T..19d.21h.00m.V3.Rep1,2015-11-20T21:00:00Z,3,JDS,,
T..19d.21h.00m.V4.Rep1,2015-11-20T21:00:00Z,4,JDS,,
T..19d.22h.00m.V1.Rep1.Set.6.7.wellG1,2015-11-20T22:00:00Z,1,JDS,,
T..19d.22h.00m.V2.Rep1.Set.6.11.wellC2,2015-11-20T22:00:00Z,2,JDS,,
T..19d.22h.00m.V3.Rep1.Set.5.81.WellA11,2015-11-20T22:00:00Z,3,JDS,,
T..19d.22h.00m.V4.Rep1.Set.4.49..WellA7,2015-11-20T22:00:00Z,4,JDS,,
T..19d.23h.00m.V1.Rep1.Set.5.48.WellH6,2015-11-20T23:00:00Z,1,JDS,,
T..19d.23h.00m.V2.Rep1,2015-11-20T23:00:00Z,2,JDS,,
T..19d.23h.00m.V3.Rep1,2015-11-20T23:00:00Z,3,JDS,,
T..19d.23h.00m.V4.Rep1.Set.6.94.wellF12,2015-11-20T23:00:00Z,4,JDS,,
T..20d.00h.00m.V1.Rep1.Set.1.78.Well.F10,2015-11-21T00:00:00Z,1,JDS,,
T..20d.00h.00m.V2.Rep1,2015-11-21T00:00:00Z,2,JDS,,
T..20d.00h.00m.V3.Rep1.Set.4.23..WellG3,2015-11-21T00:00:00Z,3,JDS,,
T..20d.00h.00m.V4.Rep1.Set.6.77.wellE10,2015-11-21T00:00:00Z,4,JDS,,
T..20d.01h.00m.V1.Rep1.Set.5.85.WellE11,2015-11-21T01:00:00Z,1,JDS,,
T..20d.01h.00m.V2.Rep1.set.7.9.wellA2,2015-11-21T01:00:00Z,2,JDS,,
T..20d.01h.00m.V3.Rep1.Set.1.77.Well.E10,2015-11-21T01:00:00Z,3,JDS,,
T..20d.01h.00m.V4.Rep1.Set.5.22.WellF3,2015-11-21T01:00:00Z,4,JDS,,
T..20d.02h.00m.V1.Rep1.Set.5.88.WellH11,2015-11-21T02:00:00Z,1,JDS,,
T..20d.02h.00m.V2.Rep1.Set.1.84.Well.D11,2015-11-21T02:00:00Z,2,JDS,,
T..20d.02h.00m.V3.Rep1.Set.6.81.wellA11,2015-11-21T02:00:00Z,3,JDS,,
T..20d.02h.00m.V4.Rep1.Set.6.38.wellF5,2015-11-21T02:00:00Z,4,JDS,,
T..20d.03h.00m.V1.Rep1.Set.5.16.WellH2,2015-11-21T03:00:00Z,1,JDS,,
T..20d.03h.00m.V2.Rep1,2015-11-21T03:00:00Z,2,JDS,,
T..20d.03h.00m.V3.Rep1.Set.6.2.wellB1,2015-11-21T03:00:00Z,3,JDS,,
T..20d.03h.00m.V4.Rep1,2015-11-21T03:00:00Z,4,JDS,,
T..20d.04h.00m.V1.Rep1.Set.6.95.wellG12,2015-11-21T04:00:00Z,1,JDS,,
T..20d.04h.00m.V2.Rep1,2015-11-21T04:00:00Z,2,JDS,,
T..20d.04h.00m.V3.Rep1.set.3.19..Well.C3,2015-11-21T04:00:00Z,3,JDS,,
T..20d.04h.00m.V4.Rep1,2015-11-21T04:00:00Z,4,JDS,,
T..20d.05h.00m.V1.Rep1.Set.5.59.WellC8,2015-11-21T05:00:00Z,1,JDS,,
T..20d.05h.00m.V2.Rep1.Set.1.18.Well.B3,2015-11-21T05:00:00Z,2,JDS,,
T..20d.05h.00m.V3.Rep1.set.3.44.Well.D6,2015-11-21T05:00:00Z,3,JDS,,
T..20d.05h.00m.V4.Rep1.Set.6.71.wellG9,2015-11-21T05:00:00Z,4,JDS,,
T..20d.06h.00m.V1.Rep1.set.3.69.Well.E9,2015-11-21T06:00:00Z,1,JDS,,
T..20d.06h.00m.V2.Rep1.set.7.39.wellG5,2015-11-21T06:00:00Z,2,JDS,,
T..20d.06h.00m.V3.Rep1.Set.4.79..WellG10,2015-11-21T06:00:00Z,3,JDS,,
T..20d.06h.00m.V4.Rep1,2015-11-21T06:00:00Z,4,JDS,,
T..20d.07h.00m.V1.Rep1.Set.6.92.wellD12,2015-11-21T07:00:00Z,1,JDS,,
T..20d.07h.00m.V2.Rep1.Set.4.72..WellH9,2015-11-21T07:00:00Z,2,JDS,,
T..20d.07h.00m.V3.Rep1.Set.6.36.wellD5,2015-11-21T07:00:00Z,3,JDS,,
T..20d.07h.00m.V4.Rep1.set.3.2..Well.B1,2015-11-21T07:00:00Z,4,JDS,,
T..20d.08h.00m.V1.Rep1.Set.5.8.WellH1,2015-11-21T08:00:00Z,1,HKD,,
T..20d.08h.00m.V2.Rep1.Set.4.58..WellB8,2015-11-21T08:00:00Z,2,HKD,,
T..20d.08h.00m.V3.Rep1.Set.1.21.Well.E3,2015-11-21T08:00:00Z,3,HKD,,
T..20d.08h.00m.V4.Rep1.Set.5.53.WellE7,2015-11-21T08:00:00Z,4,HKD,,
T..20d.09h.00m.V1.Rep1,2015-11-21T09:00:00Z,1,HKD,,
T..20d.09h.00m.V2.Rep1,2015-11-21T09:00:00Z,2,HKD,,
T..20d.09h.00m.V3.Rep1.Set.5.43.WellC6,2015-11-21T09:00:00Z,3,HKD,,
T..20d.09h.00m.V4.Rep1.Set.6.39.wellG5,2015-11-21T09:00:00Z,4,HKD,,
T..20d.10h.00m.V1.Rep1,2015-11-21T10:00:00Z,1,HKD,,
T..20d.10h.00m.V2.Rep1.Set.4.35..WellC5,2015-11-21T10:00:00Z,2,HKD,,
T..20d.10h.00m.V3.Rep1.Set.6.9.wellA2,2015-11-21T10:00:00Z,3,HKD,,
T..20d.10h.00m.V4.Rep1.set.3.13..Well.E2,2015-11-21T10:00:00Z,4,HKD,,
T..20d.11h.00m.V1.Rep1.Set.5.77.WellE10,2015-11-21T11:00:00Z,1,HKD,,
T..20d.11h.00m.V2.Rep1.set.3.90..Well.B12,2015-11-21T11:00:00Z,2,HKD,,
T..20d.11h.00m.V3.Rep1.Set.4.85..WellE11,2015-11-21T11:00:00Z,3,HKD,,
T..20d.11h.00m.V4.Rep1,2015-11-21T11:00:00Z,4,HKD,,
T..20d.12h.00m.V1.Rep1.Set.6.79.wellG10,2015-11-21T12:00:00Z,1,HKD,,
T..20d.12h.00m.V2.Rep1.Set.6.4.wellD1,2015-11-21T12:00:00Z,2,HKD,,
T..20d.12h.00m.V3.Rep1.Set.5.73.WellA10,2015-11-21T12:00:00Z,3,HKD,,
T..20d.12h.00m.V4.Rep1.Set.5.21.WellE3,2015-11-21T12:00:00Z,4,HKD,,
T..20d.13h.00m.V1.Rep1.Set.6.68.wellD9,2015-11-21T13:00:00Z,1,HKD,,
T..20d.13h.00m.V2.Rep1.Set.1.26.Well.B4,2015-11-21T13:00:00Z,2,HKD,,
T..20d.13h.00m.V3.Rep1.Set.1.8.Well.H1,2015-11-21T13:00:00Z,3,HKD,,
T..20d.13h.00m.V4.Rep1,2015-11-21T13:00:00Z,4,HKD,,
T..20d.14h.00m.V1.Rep1.Set.5.63.WellG8,2015-11-21T14:00:00Z,1,HKD,,
T..20d.14h.00m.V2.Rep1.Set.6.73.wellA10,2015-11-21T14:00:00Z,2,HKD,,
T..20d.14h.00m.V3.Rep1.Set.5.82.WellB11,2015-11-21T14:00:00Z,3,HKD,,
T..20d.14h.00m.V4.Rep1.set.7.8.wellH1,2015-11-21T14:00:00Z,4,HKD,,
T..20d.15h.00m.V1.Rep1.Set.6.57.wellA8,2015-11-21T15:00:00Z,1,HKD,,
T..20d.15h.00m.V2.Rep1.Set.4.45..WellE6,2015-11-21T15:00:00Z,2,HKD,,
T..20d.15h.00m.V3.Rep1.Set.1.52.Well.D7,2015-11-21T15:00:00Z,3,HKD,,
T..20d.15h.00m.V4.Rep1.Set.5.33.WellA5,2015-11-21T15:00:00Z,4,HKD,,
T..20d.16h.00m.V1.Rep1.Set.6.16.wellH2,2015-11-21T16:00:00Z,1,RB,,
T..20d.16h.00m.V2.Rep1,2015-11-21T16:00:00Z,2,RB,,
T..20d.16h.00m.V3.Rep1,2015-11-21T16:00:00Z,3,RB,,
T..20d.16h.00m.V4.Rep1.Set.1.20.Well.D3,2015-11-21T16:00:00Z,4,RB,,
T..20d.17h.00m.V1.Rep1.Set.6.74.wellB10,2015-11-21T17:00:00Z,1,RB,,
T..20d.17h.00m.V2.Rep1.Set.4.86..WellF11,2015-11-21T17:00:00Z,2,RB,,
T..20d.17h.00m.V3.Rep1,2015-11-21T17:00:00Z,3,RB,,
T..20d.17h.00m.V4.Rep1.set.3.81.Well.A11,2015-11-21T17:00:00Z,4,RB,,
T..20d.18h.00m.V1.Rep1.Set.1.87.Well.G11,2015-11-21T18:00:00Z,1,LD,,
T..20d.18h.00m.V2.Rep1.set.3.24..Well.H3,2015-11-21T18:00:00Z,2,LD,,
T..20d.18h.00m.V3.Rep1,2015-11-21T18:00:00Z,3,LD,,
T..20d.18h.00m.V4.Rep1.Set.1.46.Well.F6,2015-11-21T18:00:00Z,4,LD,,
T..20d.19h.00m.V1.Rep1,2015-11-21T19:00:00Z,1,JDS,,
T..20d.19h.00m.V2.Rep1.Set.1.49.Well.A7,2015-11-21T19:00:00Z,2,JDS,,
T..20d.19h.00m.V3.Rep1.Set.5.40.WellH5,2015-11-21T19:00:00Z,3,JDS,,
T..20d.19h.00m.V4.Rep1.Set.4.26..WellB4,2015-11-21T19:00:00Z,4,JDS,,
T..20d.20h.00m.V1.Rep1.Set.4.39..WellG5,2015-11-21T20:00:00Z,1,JDS,,
T..20d.20h.00m.V2.Rep1.Set.5.27.WellC4,2015-11-21T20:00:00Z,2,JDS,,
T..20d.20h.00m.V3.Rep1.Set.1.75.Well.C10,2015-11-21T20:00:00Z,3,JDS,,
T..20d.20h.00m.V4.Rep1.set.7.29.wellE4,2015-11-21T20:00:00Z,4,JDS,,
T..20d.21h.00m.V1.Rep1.Set.5.56.WellH7,2015-11-21T21:00:00Z,1,JDS,,
T..20d.21h.00m.V2.Rep1.Set.5.20.WellD3,2015-11-21T21:00:00Z,2,JDS,,
T..20d.21h.00m.V3.Rep1.Set.6.31.wellG4,2015-11-21T21:00:00Z,3,JDS,,
T..20d.21h.00m.V4.Rep1.Set.1.13.Well.E2,2015-11-21T21:00:00Z,4,JDS,,
T..20d.21h.00m.V4.Rep1.set.1.66.wellE8,2015-11-21T21:00:00Z,4,JDS,,
T..20d.22h.00m.V1.Rep1,2015-11-21T22:00:00Z,1,JDS,,
T..20d.22h.00m.V2.Rep1.set.7.46.wellF6,2015-11-21T22:00:00Z,2,JDS,,
T..20d.22h.00m.V3.Rep1.set.3.42.Well.B6,2015-11-21T22:00:00Z,3,JDS,,
T..20d.22h.00m.V4.Rep1.Set.4.90..WellB12,2015-11-21T22:00:00Z,4,JDS,,
T..20d.23h.00m.V1.Rep1.Set.1.14.Well.F2,2015-11-21T23:00:00Z,1,JDS,,
T..20d.23h.00m.V1.Rep1.set.1.74.wellH8,2015-11-21T23:00:00Z,1,JDS,,
T..20d.23h.00m.V2.Rep1.Set.5.13.WellE2,2015-11-21T23:00:00Z,2,JDS,,
T..20d.23h.00m.V3.Rep1.Set.1.92.Well.D12,2015-11-21T23:00:00Z,3,JDS,,
T..20d.23h.00m.V4.Rep1.set.7.47.wellG6,2015-11-21T23:00:00Z,4,JDS,,
T..21d.00h.00m.V1.Rep1.Set.6.6.wellF1,2015-11-22T00:00:00Z,1,JDS,,
T..21d.00h.00m.V2.Rep1.Set.5.83.WellC11,2015-11-22T00:00:00Z,2,JDS,,
T..21d.00h.00m.V3.Rep1.set.3.80.Well.H10,2015-11-22T00:00:00Z,3,JDS,,
T..21d.00h.00m.V4.Rep1.Set.5.69.WellE9,2015-11-22T00:00:00Z,4,JDS,,
T..21d.01h.00m.V1.Rep1.Set.6.24.wellH3,2015-11-22T01:00:00Z,1,JDS,,
T..21d.01h.00m.V2.Rep1,2015-11-22T01:00:00Z,2,JDS,,
T..21d.01h.00m.V3.Rep1,2015-11-22T01:00:00Z,3,JDS,,
T..21d.01h.00m.V4.Rep1.Set.6.62.wellF8,2015-11-22T01:00:00Z,4,JDS,,
T..21d.02h.00m.V1.Rep1,2015-11-22T02:00:00Z,1,JDS,,
T..21d.02h.00m.V2.Rep1.Set.1.27.Well.C4,2015-11-22T02:00:00Z,2,JDS,,
T..21d.02h.00m.V3.Rep1.Set.4.44..WellD6,2015-11-22T02:00:00Z,3,JDS,,
T..21d.02h.00m.V4.Rep1,2015-11-22T02:00:00Z,4,JDS,,
T..21d.03h.00m.V1.Rep1.Set.4.66..WellB9,2015-11-22T03:00:00Z,1,JDS,,
T..21d.03h.00m.V2.Rep1.set.3.75.Well.C10,2015-11-22T03:00:00Z,2,JDS,,
T..21d.03h.00m.V3.Rep1.set.3.40..Well.H5,2015-11-22T03:00:00Z,3,JDS,,
T..21d.03h.00m.V4.Rep1.Set.6.25.wellA4,2015-11-22T03:00:00Z,4,JDS,,
T..21d.04h.00m.V1.Rep1.set.3.39..Well.G5,2015-11-22T04:00:00Z,1,JDS,,
T..21d.04h.00m.V2.Rep1.Set.6.19.wellC3,2015-11-22T04:00:00Z,2,JDS,,
T..21d.04h.00m.V3.Rep1.set.3.41.Well.A6,2015-11-22T04:00:00Z,3,JDS,,
T..21d.04h.00m.V4.Rep1.set.7.6.wellF1,2015-11-22T04:00:00Z,4,JDS,,
T..21d.05h.00m.V1.Rep1.Set.1.25.Well.A4,2015-11-22T05:00:00Z,1,JDS,,
T..21d.05h.00m.V2.Rep1.Set.1.24.Well.H3,2015-11-22T05:00:00Z,2,JDS,,
T..21d.05h.00m.V3.Rep1.set.3.36..Well.D5,2015-11-22T05:00:00Z,3,JDS,,
T..21d.05h.00m.V4.Rep1.set.7.14.wellF2,2015-11-22T05:00:00Z,4,JDS,,
T..21d.06h.00m.V1.Rep1.set.3.61.Well.E8,2015-11-22T06:00:00Z,1,JDS,,
T..21d.06h.00m.V2.Rep1.Set.4.54..WellF7,2015-11-22T06:00:00Z,2,JDS,,
T..21d.06h.00m.V3.Rep1.set.3.31..Well.G4,2015-11-22T06:00:00Z,3,JDS,,
T..21d.06h.00m.V4.Rep1.Set.4.6..WellF1,2015-11-22T06:00:00Z,4,JDS,,
T..21d.07h.00m.V1.Rep1.set.3.49.Well.A7,2015-11-22T07:00:00Z,1,JDS,,
T..21d.07h.00m.V2.Rep1.Set.1.66.Well.B9,2015-11-22T07:00:00Z,2,JDS,,
T..21d.07h.00m.V3.Rep1.set.3.34..Well.B5,2015-11-22T07:00:00Z,3,JDS,,
T..21d.07h.00m.V4.Rep1.set.3.96..Well.H12,2015-11-22T07:00:00Z,4,JDS,,
T..21d.08h.00m.V1.Rep1.Set.6.22.wellF3,2015-11-22T08:00:00Z,1,HKD,,
T..21d.08h.00m.V2.Rep1.set.3.50.Well.B7,2015-11-22T08:00:00Z,2,HKD,,
T..21d.08h.00m.V3.Rep1.set.3.54.Well.F7,2015-11-22T08:00:00Z,3,HKD,,
T..21d.08h.00m.V4.Rep1.Set.1.17.Well.A3,2015-11-22T08:00:00Z,4,HKD,,
T..21d.09h.00m.V1.Rep1.Set.5.52.WellD7,2015-11-22T09:00:00Z,1,RB,,
T..21d.09h.00m.V2.Rep1,2015-11-22T09:00:00Z,2,RB,,
T..21d.09h.00m.V3.Rep1.set.7.50.wellB7,2015-11-22T09:00:00Z,3,RB,,
T..21d.09h.00m.V4.Rep1,2015-11-22T09:00:00Z,4,RB,,
T..21d.10h.00m.V1.Rep1.Set.5.47.WellG6,2015-11-22T10:00:00Z,1,RB,,
T..21d.10h.00m.V2.Rep1.Set.5.24.WellH3,2015-11-22T10:00:00Z,2,RB,,
T..21d.10h.00m.V3.Rep1.Set.5.29.WellE4,2015-11-22T10:00:00Z,3,RB,,
T..21d.10h.00m.V4.Rep1.Set.1.9.Well.A2,2015-11-22T10:00:00Z,4,RB,,
T..21d.10h.00m.V4.Rep1.set.1.65.wellD8,2015-11-22T10:00:00Z,4,RB,,
T..21d.11h.00m.V1.Rep1.Set.5.86.WellF11,2015-11-22T11:00:00Z,1,HKD,,
T..21d.11h.00m.V2.Rep1.Set.5.38.WellF5,2015-11-22T11:00:00Z,2,HKD,,
T..21d.11h.00m.V3.Rep1.Set.1.36.Well.D5,2015-11-22T11:00:00Z,3,HKD,,
T..21d.11h.00m.V4.Rep1.Set.5.80.WellH10,2015-11-22T11:00:00Z,4,HKD,,
T..21d.12h.00m.V1.Rep1.Set.4.61..WellE8,2015-11-22T12:00:00Z,1,RB,,
T..21d.12h.00m.V2.Rep1.Set.5.41.WellA6,2015-11-22T12:00:00Z,2,RB,,
T..21d.12h.00m.V3.Rep1.Set.1.83.Well.C11,2015-11-22T12:00:00Z,3,RB,,
T..21d.12h.00m.V4.Rep1.Set.5.6.WellF1,2015-11-22T12:00:00Z,4,RB,,
T..21d.13h.00m.V1.Rep1.Set.5.1.WellA1,2015-11-22T13:00:00Z,1,RB,,
T..21d.13h.00m.V2.Rep1.set.3.71.Well.G9,2015-11-22T13:00:00Z,2,RB,,
T..21d.13h.00m.V3.Rep1.Set.6.67.wellC9,2015-11-22T13:00:00Z,3,RB,,
T..21d.13h.00m.V4.Rep1.set.3.35..Well.C5,2015-11-22T13:00:00Z,4,RB,,
T..21d.14h.00m.V1.Rep1,2015-11-22T14:00:00Z,1,RB,,
T..21d.14h.00m.V2.Rep1.set.3.67.Well.C9,2015-11-22T14:00:00Z,2,RB,,
T..21d.14h.00m.V3.Rep1.Set.1.88.Well.H11,2015-11-22T14:00:00Z,3,RB,,
T..21d.14h.00m.V4.Rep1.Set.6.75.wellC10,2015-11-22T14:00:00Z,4,RB,,
T..21d.15h.00m.V1.Rep1.Set.6.84.wellD11,2015-11-22T15:00:00Z,1,RB,,
T..21d.15h.00m.V2.Rep1.Set.5.91.WellC12,2015-11-22T15:00:00Z,2,RB,,
T..21d.15h.00m.V3.Rep1.set.3.94..Well.F12,2015-11-22T15:00:00Z,3,RB,,
T..21d.15h.00m.V4.Rep1.set.3.37..Well.E5,2015-11-22T15:00:00Z,4,RB,,
T..21d.16h.00m.V1.Rep1.Set.6.61.wellE8,2015-11-22T16:00:00Z,1,RB,,
T..21d.16h.00m.V2.Rep1.set.3.28..Well.D4,2015-11-22T16:00:00Z,2,RB,,
T..21d.16h.00m.V3.Rep1.Set.5.32.WellH4,2015-11-22T16:00:00Z,3,RB,,
T..21d.16h.00m.V4.Rep1.set.7.10.wellB2,2015-11-22T16:00:00Z,4,RB,,
T..21d.17h.00m.V1.Rep1.Set.4.65..WellA9,2015-11-22T17:00:00Z,1,RB,,
T..21d.17h.00m.V2.Rep1.Set.5.65.WellA9,2015-11-22T17:00:00Z,2,RB,,
T..21d.17h.00m.V3.Rep1.set.3.5..Well.E1,2015-11-22T17:00:00Z,3,RB,,
T..21d.17h.00m.V4.Rep1,2015-11-22T17:00:00Z,4,RB,,
T..21d.18h.00m.V1.Rep1.set.7.3.wellC1,2015-11-22T18:00:00Z,1,LD,,
T..21d.18h.00m.V2.Rep1.set.3.47.Well.G6,2015-11-22T18:00:00Z,2,LD,,
T..21d.18h.00m.V3.Rep1.Set.1.71.Well.G9,2015-11-22T18:00:00Z,3,LD,,
T..21d.18h.00m.V4.Rep1.Set.1.39.Well.G5,2015-11-22T18:00:00Z,4,LD,,
T..21d.19h.00m.V1.Rep1.Set.6.3.wellC1,2015-11-22T19:00:00Z,1,JDS,,
T..21d.19h.00m.V2.Rep1.Set.1.69.Well.E9,2015-11-22T19:00:00Z,2,JDS,,
T..21d.19h.00m.V3.Rep1.Set.5.68.WellD9,2015-11-22T19:00:00Z,3,JDS,,
T..21d.19h.00m.V4.Rep1.Set.5.87.WellG11,2015-11-22T19:00:00Z,4,JDS,,
T..21d.20h.00m.V1.Rep1.Set.4.64..WellH8,2015-11-22T20:00:00Z,1,JDS,,
T..21d.20h.00m.V2.Rep1.set.7.52.wellD7,2015-11-22T20:00:00Z,2,JDS,,
T..21d.20h.00m.V3.Rep1.Set.4.19..WellC3,2015-11-22T20:00:00Z,3,JDS,,
T..21d.20h.00m.V4.Rep1.Set.1.86.Well.F11,2015-11-22T20:00:00Z,4,JDS,,
T..21d.21h.00m.V1.Rep1.set.7.5.wellE1,2015-11-22T21:00:00Z,1,JDS,,
T..21d.21h.00m.V2.Rep1.Set.1.48.Well.H6,2015-11-22T21:00:00Z,2,JDS,,
T..21d.21h.00m.V3.Rep1.Set.6.15.wellG2,2015-11-22T21:00:00Z,3,JDS,,
T..21d.21h.00m.V4.Rep1.Set.5.51.WellC7,2015-11-22T21:00:00Z,4,JDS,,
T..21d.22h.00m.V1.Rep1.Set.4.31..WellG4,2015-11-22T22:00:00Z,1,JDS,,
T..21d.22h.00m.V2.Rep1.Set.1.90.Well.B12,2015-11-22T22:00:00Z,2,JDS,,
T..21d.22h.00m.V3.Rep1.Set.6.18.wellB3,2015-11-22T22:00:00Z,3,JDS,,
T..21d.22h.00m.V4.Rep1.Set.1.57.Well.A8,2015-11-22T22:00:00Z,4,JDS,,
T..21d.23h.00m.V1.Rep1,2015-11-22T23:00:00Z,1,JDS,,
T..21d.23h.00m.V2.Rep1.Set.5.2.WellB1,2015-11-22T23:00:00Z,2,JDS,,
T..21d.23h.00m.V3.Rep1.Set.6.82.wellB11,2015-11-22T23:00:00Z,3,JDS,,
T..21d.23h.00m.V4.Rep1.set.7.33.wellA5,2015-11-22T23:00:00Z,4,JDS,,
T..22d.00h.00m.V1.Rep1.Set.4.38..WellF5,2015-11-23T00:00:00Z,1,JDS,,
T..22d.00h.00m.V2.Rep1,2015-11-23T00:00:00Z,2,JDS,,
T..22d.00h.00m.V3.Rep1.set.3.27..Well.C4,2015-11-23T00:00:00Z,3,JDS,,
T..22d.00h.00m.V4.Rep1.Set.1.68.Well.D9,2015-11-23T00:00:00Z,4,JDS,,
T..22d.01h.00m.V1.Rep1.set.3.68.Well.D9,2015-11-23T01:00:00Z,1,JDS,,
T..22d.01h.00m.V2.Rep1.set.7.12.wellD2,2015-11-23T01:00:00Z,2,JDS,,
T..22d.01h.00m.V3.Rep1.set.3.79.Well.G10,2015-11-23T01:00:00Z,3,JDS,,
T..22d.01h.00m.V4.Rep1.Set.5.17.WellA3,2015-11-23T01:00:00Z,4,JDS,,
T..22d.02h.00m.V1.Rep1.Set.5.36.WellD5,2015-11-23T02:00:00Z,1,JDS,,
T..22d.02h.00m.V2.Rep1.Set.5.11.WellC2,2015-11-23T02:00:00Z,2,JDS,,
T..22d.02h.00m.V3.Rep1,2015-11-23T02:00:00Z,3,JDS,,
T..22d.02h.00m.V4.Rep1.Set.5.62.WellF8,2015-11-23T02:00:00Z,4,JDS,,
T..22d.03h.00m.V1.Rep1.set.7.40.wellH5,2015-11-23T03:00:00Z,1,JDS,,
T..22d.03h.00m.V2.Rep1.set.7.48.wellH6,2015-11-23T03:00:00Z,2,JDS,,
T..22d.03h.00m.V3.Rep1.Set.5.19.WellC3,2015-11-23T03:00:00Z,3,JDS,,
T..22d.03h.00m.V4.Rep1.Set.5.44.WellD6,2015-11-23T03:00:00Z,4,JDS,,
T..22d.04h.00m.V1.Rep1.Set.1.93.Well.E12,2015-11-23T04:00:00Z,1,JDS,1,Sample Port Full at Sampling
T..22d.04h.00m.V2.Rep1.set.7.38.wellF5,2015-11-23T04:00:00Z,2,JDS,1,Sample Port Full at Sampling
T..22d.04h.00m.V3.Rep1.Set.5.5.WellE1,2015-11-23T04:00:00Z,3,JDS,1,Sample Port Full at Sampling
T..22d.04h.00m.V4.Rep1.Set.4.82..WellB11,2015-11-23T04:00:00Z,4,JDS,1,Sample Port Full at Sampling
T..22d.05h.00m.V1.Rep1.set.7.4.wellD1,2015-11-23T05:00:00Z,1,JDS,,
T..22d.05h.00m.V2.Rep1.Set.6.85.wellE11,2015-11-23T05:00:00Z,2,JDS,,
T..22d.05h.00m.V3.Rep1.Set.5.67.WellC9,2015-11-23T05:00:00Z,3,JDS,,
T..22d.05h.00m.V4.Rep1.Set.1.62.Well.F8,2015-11-23T05:00:00Z,4,JDS,,
T..22d.06h.00m.V1.Rep1.Set.1.67.Well.C9,2015-11-23T06:00:00Z,1,JDS,,
T..22d.06h.00m.V2.Rep1.Set.1.61.Well.E8,2015-11-23T06:00:00Z,2,JDS,,
T..22d.06h.00m.V3.Rep1.Set.1.19.Well.C3,2015-11-23T06:00:00Z,3,JDS,,
T..22d.06h.00m.V4.Rep1.set.7.1.wellA1,2015-11-23T06:00:00Z,4,JDS,,
T..22d.07h.00m.V1.Rep1.set.3.21..Well.E3,2015-11-23T07:00:00Z,1,JDS,,
T..22d.07h.00m.V2.Rep1.Set.4.89..WellA12,2015-11-23T07:00:00Z,2,JDS,,
T..22d.07h.00m.V3.Rep1,2015-11-23T07:00:00Z,3,JDS,,
T..22d.07h.00m.V4.Rep1.set.3.52.Well.D7,2015-11-23T07:00:00Z,4,JDS,,
T..22d.08h.00m.V1.Rep1.Set.6.58.wellB8,2015-11-23T08:00:00Z,1,JDS,,
T..22d.08h.00m.V2.Rep1.set.3.20..Well.D3,2015-11-23T08:00:00Z,2,JDS,,
T..22d.08h.00m.V3.Rep1.Set.1.41.Well.A6,2015-11-23T08:00:00Z,3,JDS,,
T..22d.08h.00m.V4.Rep1.Set.4.84..WellD11,2015-11-23T08:00:00Z,4,JDS,,
T..22d.09h.00m.V1.Rep1.Set.6.43.wellC6,2015-11-23T09:00:00Z,1,HKD,,
T..22d.09h.00m.V2.Rep1.Set.1.6.Well.F1,2015-11-23T09:00:00Z,2,HKD,,
T..22d.09h.00m.V3.Rep1.set.3.77.Well.E10,2015-11-23T09:00:00Z,3,HKD,1,15s power outage
T..22d.09h.00m.V4.Rep1.set.3.18..Well.B3,2015-11-23T09:00:00Z,4,HKD,1,15s power outage
T..22d.10h.00m.V1.Rep1.Set.4.60..WellD8,2015-11-23T10:00:00Z,1,RB,,
T..22d.10h.00m.V2.Rep1.Set.4.18..WellB3,2015-11-23T10:00:00Z,2,RB,,
T..22d.10h.00m.V3.Rep1.Set.4.22..WellF3,2015-11-23T10:00:00Z,3,RB,,
T..22d.10h.00m.V4.Rep1,2015-11-23T10:00:00Z,4,RB,,
T..22d.11h.00m.V1.Rep1.Set.4.76..WellD10,2015-11-23T11:00:00Z,1,HKD,,
T..22d.11h.00m.V2.Rep1,2015-11-23T11:00:00Z,2,HKD,,
T..22d.11h.00m.V3.Rep1,2015-11-23T11:00:00Z,3,HKD,,
T..22d.11h.00m.V4.Rep1,2015-11-23T11:00:00Z,4,HKD,,
T..22d.12h.00m.V1.Rep1.Set.5.61.WellE8,2015-11-23T12:00:00Z,1,RB,,
T..22d.12h.00m.V2.Rep1.Set.4.74..WellB10,2015-11-23T12:00:00Z,2,RB,,
T..22d.12h.00m.V3.Rep1,2015-11-23T12:00:00Z,3,RB,1,15s power outage
T..22d.12h.00m.V4.Rep1.Set.4.47..WellG6,2015-11-23T12:00:00Z,4,RB,1,15s power outage
T..22d.13h.00m.V1.Rep1.set.7.28.wellD4,2015-11-23T13:00:00Z,1,RB,,
T..22d.13h.00m.V2.Rep1.Set.1.4.Well.D1,2015-11-23T13:00:00Z,2,RB,,
T..22d.13h.00m.V3.Rep1.Set.5.26.WellB4,2015-11-23T13:00:00Z,3,RB,1,15s power outage
T..22d.13h.00m.V4.Rep1,2015-11-23T13:00:00Z,4,RB,1,15s power outage
T..22d.14h.00m.V1.Rep1.set.7.7.wellG1,2015-11-23T14:00:00Z,1,RB,,
T..22d.14h.00m.V2.Rep1.Set.6.91.wellC12,2015-11-23T14:00:00Z,2,RB,,
T..22d.14h.00m.V3.Rep1.Set.1.28.Well.D4,2015-11-23T14:00:00Z,3,RB,,
T..22d.14h.00m.V4.Rep1.set.3.95..Well.G12,2015-11-23T14:00:00Z,4,RB,,
T..22d.15h.00m.V1.Rep1.set.3.65.Well.A9,2015-11-23T15:00:00Z,1,RB,1,Sample Port Full at Sampling
T..22d.15h.00m.V2.Rep1,2015-11-23T15:00:00Z,2,RB,1,Sample Port Full at Sampling
T..22d.15h.00m.V3.Rep1.Set.5.95.WellG12,2015-11-23T15:00:00Z,3,RB,1,Sample Port Full at Sampling
T..22d.15h.00m.V4.Rep1.set.3.30..Well.F4,2015-11-23T15:00:00Z,4,RB,1,Sample Port Full at Sampling
T..22d.16h.00m.V1.Rep1,2015-11-23T16:00:00Z,1,RB,,
T..22d.16h.00m.V1.Rep1.PostInnoc.Set.1.15.Well.G2,2015-11-23T16:00:00Z,1,HKD,,
T..22d.16h.00m.V1.Rep1.PostInnoc.set.1.59.wellC8,2015-11-23T16:00:00Z,1,HKD,,
T..22d.16h.00m.V2.Rep1.PostInnoc,2015-11-23T16:00:00Z,2,HKD,,
T..22d.16h.00m.V2.Rep1.set.7.42.wellB6,2015-11-23T16:00:00Z,2,RB,,
T..22d.16h.00m.V3.Rep1.PostInnoc.Set.1.38.Well.F5,2015-11-23T16:00:00Z,3,HKD,,
T..22d.16h.00m.V3.Rep1.Set.4.1..WellA1,2015-11-23T16:00:00Z,3,RB,,
T..22d.16h.00m.V4.Rep1.PostInnoc.Set.6.37.wellE5,2015-11-23T16:00:00Z,4,HKD,,
T..22d.16h.00m.V4.Rep1.set.3.73.Well.A10,2015-11-23T16:00:00Z,4,RB,,
T..22d.17h.00m.V1.Rep1.set.7.54.wellF7,2015-11-23T17:00:00Z,1,LDW,,
T..22d.17h.00m.V2.Rep1.Set.4.24..WellH3,2015-11-23T17:00:00Z,2,LDW,,
T..22d.17h.00m.V3.Rep1,2015-11-23T17:00:00Z,3,LDW,,
T..22d.17h.00m.V4.Rep1,2015-11-23T17:00:00Z,4,LDW,,
T..22d.18h.00m.V1.Rep1.Set.1.72.Well.H9,2015-11-23T18:00:00Z,1,LAD,1,Media Turned Off
T..22d.18h.00m.V2.Rep1.Set.1.16.Well.H2,2015-11-23T18:00:00Z,2,LAD,1,Media Turned Off
T..22d.18h.00m.V2.Rep1.set.1.67.wellF8,2015-11-23T18:00:00Z,2,LAD,1,Media Turned Off
T..22d.18h.00m.V3.Rep1.Set.4.56..WellH7,2015-11-23T18:00:00Z,3,LAD,1,Media Turned Off
T..22d.18h.00m.V4.Rep1.Set.5.93.WellE12,2015-11-23T18:00:00Z,4,LAD,1,Media Turned Off
T..22d.19h.00m.V1.Rep1.Set.5.94.WellF12,2015-11-23T19:00:00Z,1,LDW,1,Media Turned Off
T..22d.19h.00m.V2.Rep1.Set.4.3..WellC1,2015-11-23T19:00:00Z,2,LDW,1,Media Turned Off
T..22d.19h.00m.V3.Rep1.Set.5.70.WellF9,2015-11-23T19:00:00Z,3,LDW,1,Media Turned Off
T..22d.19h.00m.V4.Rep1.Set.6.8.wellH1,2015-11-23T19:00:00Z,4,LDW,1,Media Turned Off
T..22d.20h.00m.V1.Rep1.set.3.9..Well.A2,2015-11-23T20:00:00Z,1,JDS,,
T..22d.20h.00m.V2.Rep1.Set.5.89.WellA12,2015-11-23T20:00:00Z,2,JDS,,
T..22d.20h.00m.V3.Rep1.Set.5.92.WellD12,2015-11-23T20:00:00Z,3,JDS,,
T..22d.20h.00m.V4.Rep1.Set.6.78.wellF10,2015-11-23T20:00:00Z,4,JDS,,
T..22d.21h.00m.V1.Rep1.Set.6.51.wellC7,2015-11-23T21:00:00Z,1,JDS,,
T..22d.21h.00m.V2.Rep1,2015-11-23T21:00:00Z,2,JDS,,
T..22d.21h.00m.V4.Rep1.Set.6.27.wellC4,2015-11-23T21:00:00Z,4,JDS,,
T..22d.22h.00m.V1.Rep1.set.3.86.Well.F11,2015-11-23T22:00:00Z,1,JDS,,
T..22d.22h.00m.V2.Rep1.Set.6.96.wellH12,2015-11-23T22:00:00Z,2,JDS,,
T..22d.22h.00m.V3.Rep1.Set.5.45.WellE6,2015-11-23T22:00:00Z,3,JDS,,
T..22d.22h.00m.V4.Rep1,2015-11-23T22:00:00Z,4,JDS,,
T..22d.23h.00m.V1.Rep1.set.3.60.Well.D8,2015-11-23T23:00:00Z,1,JDS,,
T..22d.23h.00m.V2.Rep1,2015-11-23T23:00:00Z,2,JDS,,
T..22d.23h.00m.V3.Rep1.set.7.41.wellA6,2015-11-23T23:00:00Z,3,JDS,,
T..22d.23h.00m.V4.Rep1.Set.1.5.Well.E1,2015-11-23T23:00:00Z,4,JDS,,
T..23d.00h.00m.V1.Rep1.Set.5.15.WellG2,2015-11-24T00:00:00Z,1,JDS,,
T..23d.00h.00m.V2.Rep1.Set.1.22.Well.F3,2015-11-24T00:00:00Z,2,JDS,,
T..23d.00h.00m.V3.Rep1.Set.4.11..WellC2,2015-11-24T00:00:00Z,3,JDS,,
T..23d.00h.00m.V4.Rep1.Set.6.45.wellE6,2015-11-24T00:00:00Z,4,JDS,,
T..23d.01h.00m.V1.Rep1.set.7.25.wellA4,2015-11-24T01:00:00Z,1,JDS,,
T..23d.01h.00m.V2.Rep1.Set.1.35.Well.C5,2015-11-24T01:00:00Z,2,JDS,,
T..23d.01h.00m.V3.Rep1.Set.1.82.Well.B11,2015-11-24T01:00:00Z,3,JDS,,
T..23d.01h.00m.V4.Rep1.Set.4.15..WellG2,2015-11-24T01:00:00Z,4,JDS,,
T..23d.02h.00m.V1.Rep1.Set.6.54.wellF7,2015-11-24T02:00:00Z,1,JDS,,
T..23d.02h.00m.V2.Rep1,2015-11-24T02:00:00Z,2,JDS,,
T..23d.02h.00m.V3.Rep1.Set.4.13..WellE2,2015-11-24T02:00:00Z,3,JDS,,
T..23d.02h.00m.V4.Rep1.set.7.19.wellC3,2015-11-24T02:00:00Z,4,JDS,,
T..23d.03h.00m.V1.Rep1.Set.6.35.wellC5,2015-11-24T03:00:00Z,1,JDS,,
T..23d.03h.00m.V2.Rep1.Set.6.56.wellH7,2015-11-24T03:00:00Z,2,JDS,,
T..23d.03h.00m.V3.Rep1.set.3.22..Well.F3,2015-11-24T03:00:00Z,3,JDS,,
T..23d.03h.00m.V4.Rep1.set.7.51.wellC7,2015-11-24T03:00:00Z,4,JDS,,
T..23d.04h.00m.V1.Rep1.Set.4.25..WellA4,2015-11-24T04:00:00Z,1,JDS,,
T..23d.04h.00m.V2.Rep1,2015-11-24T04:00:00Z,2,JDS,,
T..23d.04h.00m.V3.Rep1.set.7.13.wellE2,2015-11-24T04:00:00Z,3,JDS,,
T..23d.04h.00m.V4.Rep1.Set.5.46.WellF6,2015-11-24T04:00:00Z,4,JDS,,
T..23d.05h.00m.V1.Rep1.set.3.53.Well.E7,2015-11-24T05:00:00Z,1,JDS,,
T..23d.05h.00m.V2.Rep1,2015-11-24T05:00:00Z,2,JDS,,
T..23d.05h.00m.V3.Rep1.Set.1.40.Well.H5,2015-11-24T05:00:00Z,3,JDS,,
T..23d.05h.00m.V4.Rep1.set.7.31.wellG4,2015-11-24T05:00:00Z,4,JDS,,
T..23d.06h.00m.V1.Rep1.Set.1.89.Well.A12,2015-11-24T06:00:00Z,1,JDS,1,Sample Port Full at Sampling
T..23d.06h.00m.V2.Rep1.Set.1.65.Well.A9,2015-11-24T06:00:00Z,2,JDS,1,Sample Port Full at Sampling
T..23d.06h.00m.V3.Rep1,2015-11-24T06:00:00Z,3,JDS,1,Sample Port Full at Sampling
T..23d.06h.00m.V4.Rep1,2015-11-24T06:00:00Z,4,JDS,1,Sample Port Full at Sampling
T..23d.07h.00m.V1.Rep1.Set.1.96.Well.H12,2015-11-24T07:00:00Z,1,JDS,,
T..23d.07h.00m.V2.Rep1.Set.6.49.wellA7,2015-11-24T07:00:00Z,2,JDS,,
T..23d.07h.00m.V3.Rep1.Set.4.48..WellH6,2015-11-24T07:00:00Z,3,JDS,,
T..23d.07h.00m.V4.Rep1,2015-11-24T07:00:00Z,4,JDS,,
T..23d.08h.00m.V1.Rep1.Set.5.64.WellH8,2015-11-24T08:00:00Z,1,JDS,,
T..23d.08h.00m.V2.Rep1.set.7.37.wellE5,2015-11-24T08:00:00Z,2,JDS,,
T..23d.08h.00m.V3.Rep1.set.7.55.wellG7,2015-11-24T08:00:00Z,3,JDS,,
T..23d.08h.00m.V4.Rep1.set.7.49.wellA7,2015-11-24T08:00:00Z,4,JDS,,
T..23d.09h.00m.V1.Rep1,2015-11-24T09:00:00Z,1,RB,,
T..23d.09h.00m.V2.Rep1.set.7.45.wellE6,2015-11-24T09:00:00Z,2,RB,,
T..23d.09h.00m.V3.Rep1.Set.5.50.WellB7,2015-11-24T09:00:00Z,3,RB,,
T..23d.09h.00m.V4.Rep1.Set.5.18.WellB3,2015-11-24T09:00:00Z,4,RB,,
T..23d.10h.00m.V1.Rep1.set.3.48.Well.H6,2015-11-24T10:00:00Z,1,RB,,
T..23d.10h.00m.V2.Rep1.set.3.29..Well.E4,2015-11-24T10:00:00Z,2,RB,,
T..23d.10h.00m.V3.Rep1.Set.1.1.Well.A1,2015-11-24T10:00:00Z,3,RB,,
T..23d.10h.00m.V4.Rep1.Set.4.91..WellC12,2015-11-24T10:00:00Z,4,RB,,
T..23d.11h.00m.V1.Rep1.Set.1.55.Well.G7,2015-11-24T11:00:00Z,1,RB,,
T..23d.11h.00m.V2.Rep1.Set.4.50..WellB7,2015-11-24T11:00:00Z,2,RB,,
T..23d.11h.00m.V3.Rep1.Set.1.63.Well.G8,2015-11-24T11:00:00Z,3,RB,,
T..23d.11h.00m.V4.Rep1.Set.6.40.wellH5,2015-11-24T11:00:00Z,4,RB,,
T..23d.12h.00m.V1.Rep1.set.7.43.wellC6,2015-11-24T12:00:00Z,1,HKD,,
T..23d.12h.00m.V2.Rep1.Set.5.30.WellF4,2015-11-24T12:00:00Z,2,HKD,,
T..23d.12h.00m.V3.Rep1.set.7.36.wellD5,2015-11-24T12:00:00Z,3,HKD,,
T..23d.12h.00m.V4.Rep1.Set.6.42.wellB6,2015-11-24T12:00:00Z,4,HKD,,
T..23d.13h.00m.V1.Rep1.set.7.56.wellH7,2015-11-24T13:00:00Z,1,HKD,,
T..23d.13h.00m.V2.Rep1.Set.5.66.WellB9,2015-11-24T13:00:00Z,2,HKD,,
T..23d.13h.00m.V3.Rep1.Set.4.70..WellF9,2015-11-24T13:00:00Z,3,HKD,,
T..23d.13h.00m.V4.Rep1.Set.6.32.wellH4,2015-11-24T13:00:00Z,4,HKD,,
T..23d.14h.00m.V1.Rep1.Set.4.34..WellB5,2015-11-24T14:00:00Z,1,HKD,,
T..23d.14h.00m.V2.Rep1.Set.1.85.Well.E11,2015-11-24T14:00:00Z,2,HKD,,
T..23d.14h.00m.V3.Rep1.Set.1.10.Well.B2,2015-11-24T14:00:00Z,3,HKD,,
T..23d.14h.00m.V3.Rep1.set.1.73.wellG8,2015-11-24T14:00:00Z,3,HKD,,
T..23d.14h.00m.V4.Rep1.Set.6.29.wellE4,2015-11-24T14:00:00Z,4,HKD,,
T..23d.15h.00m.V1.Rep1.set.3.17..Well.A3,2015-11-24T15:00:00Z,1,HKD,,
T..23d.15h.00m.V2.Rep1.set.3.1..Well.A1,2015-11-24T15:00:00Z,2,HKD,,
T..23d.15h.00m.V3.Rep1.Set.6.47.wellG6,2015-11-24T15:00:00Z,3,HKD,,
T..23d.15h.00m.V4.Rep1.Set.6.12.wellD2,2015-11-24T15:00:00Z,4,HKD,,
T..23d.16h.00m.V1.Rep1.set.7.16.wellH2,2015-11-24T16:00:00Z,1,HKD,,
T..23d.16h.00m.V2.Rep1.Set.5.9.WellA2,2015-11-24T16:00:00Z,2,HKD,,
T..23d.16h.00m.V3.Rep1,2015-11-24T16:00:00Z,3,HKD,,
T..23d.16h.00m.V4.Rep1.Set.4.57..WellA8,2015-11-24T16:00:00Z,4,HKD,,
T..23d.17h.00m.V1.Rep1.Set.6.60.wellD8,2015-11-24T17:00:00Z,1,LAD,1,Sample Port Full at Sampling
T..23d.17h.00m.V2.Rep1.Set.4.69..WellE9,2015-11-24T17:00:00Z,2,LAD,1,Sample Port Full at Sampling
T..23d.17h.00m.V3.Rep1.Set.5.54.WellF7,2015-11-24T17:00:00Z,3,LAD,1,Sample Port Full at Sampling
T..23d.17h.00m.V4.Rep1,2015-11-24T17:00:00Z,4,LAD,1,Sample Port Full at Sampling
T..23d.18h.00m.V1.Rep1,2015-11-24T18:00:00Z,1,LAD,,
T..23d.18h.00m.V2.Rep1.set.3.76.Well.D10,2015-11-24T18:00:00Z,2,LAD,,
T..23d.18h.00m.V3.Rep1.set.7.53.wellE7,2015-11-24T18:00:00Z,3,LAD,,
T..23d.18h.00m.V4.Rep1.Set.4.63..WellG8,2015-11-24T18:00:00Z,4,LAD,,
T..23d.19h.00m.V1.Rep1.Set.5.74.WellB10,2015-11-24T19:00:00Z,1,LAD,,
T..23d.19h.00m.V2.Rep1.Set.5.55.WellG7,2015-11-24T19:00:00Z,2,LAD,,
T..23d.19h.00m.V3.Rep1,2015-11-24T19:00:00Z,3,LAD,,
T..23d.19h.00m.V4.Rep1.Set.6.59.wellC8,2015-11-24T19:00:00Z,4,LAD,,
T..23d.20h.00m.V1.Rep1,2015-11-24T20:00:00Z,1,JDS,,
T..23d.20h.00m.V2.Rep1.Set.4.75..WellC10,2015-11-24T20:00:00Z,2,JDS,,
T..23d.20h.00m.V3.Rep1.Set.1.29.Well.E4,2015-11-24T20:00:00Z,3,JDS,,
T..23d.20h.00m.V4.Rep1.Set.5.23.WellG3,2015-11-24T20:00:00Z,4,JDS,,
T..23d.21h.00m.V1.Rep1.set.3.93..Well.E12,2015-11-24T21:00:00Z,1,JDS,,
T..23d.21h.00m.V2.Rep1.Set.1.91.Well.C12,2015-11-24T21:00:00Z,2,JDS,,
T..23d.21h.00m.V3.Rep1.Set.5.39.WellG5,2015-11-24T21:00:00Z,3,JDS,,
T..23d.21h.00m.V4.Rep1.Set.1.50.Well.B7,2015-11-24T21:00:00Z,4,JDS,,
T..23d.22h.00m.V1.Rep1.Set.4.32..WellH4,2015-11-24T22:00:00Z,1,JDS,,
T..23d.22h.00m.V2.Rep1.Set.6.52.wellD7,2015-11-24T22:00:00Z,2,JDS,,
T..23d.22h.00m.V3.Rep1.Set.1.70.Well.F9,2015-11-24T22:00:00Z,3,JDS,,
T..23d.22h.00m.V4.Rep1.Set.1.32.Well.H4,2015-11-24T22:00:00Z,4,JDS,,
T..23d.23h.00m.V1.Rep1.set.3.82.Well.B11,2015-11-24T23:00:00Z,1,JDS,,
T..23d.23h.00m.V2.Rep1.Set.1.80.Well.H10,2015-11-24T23:00:00Z,2,JDS,,
T..23d.23h.00m.V3.Rep1.set.3.59.Well.C8,2015-11-24T23:00:00Z,3,JDS,,
T..23d.23h.00m.V4.Rep1.Set.4.53..WellE7,2015-11-24T23:00:00Z,4,JDS,,
T..24d.00h.00m.V1.Rep1.Set.1.34.Well.B5,2015-11-25T00:00:00Z,1,JDS,,
T..24d.00h.00m.V2.Rep1.Set.1.45.Well.E6,2015-11-25T00:00:00Z,2,JDS,,
T..24d.00h.00m.V3.Rep1.Set.1.12.Well.D2,2015-11-25T00:00:00Z,3,JDS,,
T..24d.00h.00m.V3.Rep1.set.1.58.wellB8,2015-11-25T00:00:00Z,3,JDS,,
T..24d.00h.00m.V4.Rep1.Set.4.10..WellB2,2015-11-25T00:00:00Z,4,JDS,,
T..24d.01h.00m.V1.Rep1.Set.5.75.WellC10,2015-11-25T01:00:00Z,1,JDS,,
T..24d.01h.00m.V2.Rep1.Set.4.62..WellF8,2015-11-25T01:00:00Z,2,JDS,,
T..24d.01h.00m.V3.Rep1.set.7.21.wellE3,2015-11-25T01:00:00Z,3,JDS,,
T..24d.01h.00m.V4.Rep1.set.3.66.Well.B9,2015-11-25T01:00:00Z,4,JDS,,
T..24d.02h.00m.V1.Rep1.Set.4.51..WellC7,2015-11-25T02:00:00Z,1,JDS,,
T..24d.02h.00m.V2.Rep1.Set.6.69.wellE9,2015-11-25T02:00:00Z,2,JDS,,
T..24d.02h.00m.V3.Rep1.Set.4.29..WellE4,2015-11-25T02:00:00Z,3,JDS,,
T..24d.02h.00m.V4.Rep1.Set.1.33.Well.A5,2015-11-25T02:00:00Z,4,JDS,,
T..24d.03h.00m.V1.Rep1,2015-11-25T03:00:00Z,1,JDS,,
T..24d.03h.00m.V2.Rep1.Set.5.96.WellH12,2015-11-25T03:00:00Z,2,JDS,,
T..24d.03h.00m.V3.Rep1.Set.1.60.Well.D8,2015-11-25T03:00:00Z,3,JDS,,
T..24d.03h.00m.V4.Rep1.Set.4.80..WellH10,2015-11-25T03:00:00Z,4,JDS,,
T..24d.04h.00m.V1.Rep1.set.3.63.Well.G8,2015-11-25T04:00:00Z,1,JDS,,
T..24d.04h.00m.V2.Rep1.Set.5.34.WellB5,2015-11-25T04:00:00Z,2,JDS,,
T..24d.04h.00m.V3.Rep1.Set.4.12..WellD2,2015-11-25T04:00:00Z,3,JDS,,
T..24d.04h.00m.V4.Rep1,2015-11-25T04:00:00Z,4,JDS,,
T..24d.05h.00m.V1.Rep1,2015-11-25T05:00:00Z,1,JDS,,
T..24d.05h.00m.V2.Rep1.Set.4.96..WellH12,2015-11-25T05:00:00Z,2,JDS,,
T..24d.05h.00m.V3.Rep1.Set.4.27..WellC4,2015-11-25T05:00:00Z,3,JDS,,
T..24d.05h.00m.V4.Rep1.Set.6.1.wellA1,2015-11-25T05:00:00Z,4,JDS,,
T..24d.06h.00m.V1.Rep1.Set.6.17.wellA3,2015-11-25T06:00:00Z,1,JDS,,
T..24d.06h.00m.V2.Rep1,2015-11-25T06:00:00Z,2,JDS,,
T..24d.06h.00m.V3.Rep1.Set.5.14.WellF2,2015-11-25T06:00:00Z,3,JDS,,
T..24d.06h.00m.V4.Rep1.Set.6.34.wellB5,2015-11-25T06:00:00Z,4,JDS,,
T..24d.07h.00m.V1.Rep1.Set.5.37.WellE5,2015-11-25T07:00:00Z,1,LAD,,
T..24d.07h.00m.V2.Rep1.set.7.30.wellF4,2015-11-25T07:00:00Z,2,LAD,,
T..24d.07h.00m.V3.Rep1.Set.4.28..WellD4,2015-11-25T07:00:00Z,3,LAD,,
T..24d.07h.00m.V4.Rep1.Set.5.57.WellA8,2015-11-25T07:00:00Z,4,LAD,,
T..24d.08h.00m.V1.Rep1.Set.6.28.wellD4,2015-11-25T08:00:00Z,1,LAD,,
T..24d.08h.00m.V2.Rep1.Set.1.3.Well.C1,2015-11-25T08:00:00Z,2,LAD,,
T..24d.08h.00m.V3.Rep1.Set.1.81.Well.A11,2015-11-25T08:00:00Z,3,LAD,,
T..24d.08h.00m.V4.Rep1.Set.5.79.WellG10,2015-11-25T08:00:00Z,4,LAD,,
T..24d.09h.00m.V1.Rep1.Set.4.17..WellA3,2015-11-25T09:00:00Z,1,HKD,,
T..24d.09h.00m.V2.Rep1.Set.4.94..WellF12,2015-11-25T09:00:00Z,2,HKD,,
T..24d.09h.00m.V3.Rep1.Set.6.65.wellA9,2015-11-25T09:00:00Z,3,HKD,,
T..24d.09h.00m.V4.Rep1.Set.4.37..WellE5,2015-11-25T09:00:00Z,4,HKD,,
T..24d.10h.00m.V1.Rep1.Set.5.31.WellG4,2015-11-25T10:00:00Z,1,FSM,,
T..24d.10h.00m.V2.Rep1,2015-11-25T10:00:00Z,2,FSM,,
T..24d.10h.00m.V3.Rep1.set.7.23.wellG3,2015-11-25T10:00:00Z,3,FSM,,
T..24d.10h.00m.V4.Rep1.set.7.2.wellB1,2015-11-25T10:00:00Z,4,FSM,,
T..24d.11h.00m.V1.Rep1.set.7.11.wellC2,2015-11-25T11:00:00Z,1,FSM,,
T..24d.11h.00m.V2.Rep1.Set.6.63.wellG8,2015-11-25T11:00:00Z,2,FSM,,
T..24d.11h.00m.V3.Rep1.Set.1.64.Well.H8,2015-11-25T11:00:00Z,3,FSM,,
T..24d.11h.00m.V4.Rep1,2015-11-25T11:00:00Z,4,FSM,,
T..24d.12h.00m.V1.Rep1,2015-11-25T12:00:00Z,1,FSM,,
T..24d.12h.00m.V2.Rep1.Set.4.46..WellF6,2015-11-25T12:00:00Z,2,FSM,,
T..24d.12h.00m.V3.Rep1,2015-11-25T12:00:00Z,3,FSM,,
T..24d.12h.00m.V4.Rep1.set.3.43.Well.C6,2015-11-25T12:00:00Z,4,FSM,,
T..24d.13h.00m.V1.Rep1.Set.5.71.WellG9,2015-11-25T13:00:00Z,1,LDW,,
T..24d.13h.00m.V2.Rep1.set.3.78.Well.F10,2015-11-25T13:00:00Z,2,LDW,,
T..24d.13h.00m.V3.Rep1.set.3.4..Well.D1,2015-11-25T13:00:00Z,3,LDW,,
T..24d.13h.00m.V4.Rep1.set.7.34.wellB5,2015-11-25T13:00:00Z,4,LDW,,
T..24d.14h.00m.V1.Rep1.Set.4.33..WellA5,2015-11-25T14:00:00Z,1,LDW,,
T..24d.14h.00m.V2.Rep1.set.3.72.Well.H9,2015-11-25T14:00:00Z,2,LDW,,
T..24d.14h.00m.V3.Rep1.Set.4.43..WellC6,2015-11-25T14:00:00Z,3,LDW,,
T..24d.14h.00m.V4.Rep1.Set.4.59..WellC8,2015-11-25T14:00:00Z,4,LDW,,
T..24d.15h.00m.V1.Rep1.Set.4.20..WellD3,2015-11-25T15:00:00Z,1,HKD,,
T..24d.15h.00m.V2.Rep1.Set.6.41.wellA6,2015-11-25T15:00:00Z,2,HKD,,
T..24d.15h.00m.V3.Rep1.Set.1.43.Well.C6,2015-11-25T15:00:00Z,3,HKD,,
T..24d.15h.00m.V4.Rep1.Set.1.94.Well.F12,2015-11-25T15:00:00Z,4,HKD,,
T..24d.16h.00m.V1.Rep1,2015-11-25T16:00:00Z,1,HKD,,
T..24d.16h.00m.V2.Rep1,2015-11-25T16:00:00Z,2,HKD,,
T..24d.16h.00m.V3.Rep1.Set.6.66.wellB9,2015-11-25T16:00:00Z,3,HKD,,
T..24d.16h.00m.V4.Rep1.Set.5.42.WellB6,2015-11-25T16:00:00Z,4,HKD,,
T..25.Days.V1.Rep1.Set.6.87.wellG11,2015-11-26T15:00:00Z,1,HKD,,
T..25.Days.V2.Rep1,2015-11-26T15:00:00Z,2,HKD,,
T..25.Days.V3.Rep1.Set.5.12.WellD2,2015-11-26T15:00:00Z,3,HKD,,
T..25.Days.V4.Rep1.set.7.17.wellA3,2015-11-26T15:00:00Z,4,HKD,,
T..26.Days.V1.Rep1.Set.1.23.Well.G3,2015-11-27T15:00:00Z,1,LDW,,
T..26.Days.V2.Rep1,2015-11-27T15:00:00Z,2,LDW,,
T..26.Days.V3.Rep1.set.3.6..Well.F1,2015-11-27T15:00:00Z,3,LDW,,
T..26.Days.V4.Rep1.set.3.88.Well.H11,2015-11-27T15:00:00Z,4,LDW,,
T..27.Days.V1.Rep1.Set.4.83..WellC11,2015-11-28T15:00:00Z,1,HKD,,
T..27.Days.V2.Rep1.Set.4.4..WellD1,2015-11-28T15:00:00Z,2,HKD,,
T..27.Days.V3.Rep1.Set.5.28.WellD4,2015-11-28T15:00:00Z,3,HKD,,
T..27.Days.V4.Rep1.set.3.57.Well.A8,2015-11-28T15:00:00Z,4,HKD,,
T..28.V1.11,2015-11-29T15:00:00Z,1,HKD,,
T..28.V1.12.Set.4.30..WellF4,2015-11-29T15:00:00Z,1,HKD,,
T..28.V1.13,2015-11-29T15:00:00Z,1,HKD,,
T..28.V1.15.Set.4.5..WellE1,2015-11-29T15:00:00Z,1,HKD,,
T..28.V1.16.set.3.11..Well.C2,2015-11-29T15:00:00Z,1,HKD,,
T..28.V1.17.Set.4.21..WellE3,2015-11-29T15:00:00Z,1,HKD,,
T..28.V1.19.set.3.3..Well.C1,2015-11-29T15:00:00Z,1,HKD,,
T..28.V1.3.Set.4.88..WellH11,2015-11-29T15:00:00Z,1,HKD,,
T..28.V1.4,2015-11-29T15:00:00Z,1,HKD,,
T..28.V1.5,2015-11-29T15:00:00Z,1,HKD,,
T..28.V1.6.Set.4.93..WellE12,2015-11-29T15:00:00Z,1,HKD,,
T..28.V1.7.Set.4.40..WellH5,2015-11-29T15:00:00Z,1,HKD,,
T..28.V1.8,2015-11-29T15:00:00Z,1,HKD,,
T..28.V1.9.Set.4.36..WellD5,2015-11-29T15:00:00Z,1,HKD,,
T..28.V1.1.set.7.35.wellC5,2015-11-29T15:00:00Z,1,HKD,,
T..28.V1.10.Set.6.53.wellE7,2015-11-29T15:00:00Z,1,HKD,,
T..28.V1.14.Set.6.86.wellF11,2015-11-29T15:00:00Z,1,HKD,,
T..28.V1.18.set.3.45.Well.E6,2015-11-29T15:00:00Z,1,HKD,,
T..28.V1.2.Set.5.10.WellB2,2015-11-29T15:00:00Z,1,HKD,,
T..28.V1.20.set.7.27.wellC4,2015-11-29T15:00:00Z,1,HKD,,
T..28.V2.1,2015-11-29T15:00:00Z,2,HKD,,
T..28.V2.11,2015-11-29T15:00:00Z,2,HKD,,
T..28.V2.12.Set.1.47.Well.G6,2015-11-29T15:00:00Z,2,HKD,,
T..28.V2.13.Set.4.8..WellH1,2015-11-29T15:00:00Z,2,HKD,,
T..28.V2.14.Set.4.9..WellA2,2015-11-29T15:00:00Z,2,HKD,,
T..28.V2.15,2015-11-29T15:00:00Z,2,HKD,,
T..28.V2.16.Set.1.30.Well.F4,2015-11-29T15:00:00Z,2,HKD,,
T..28.V2.17.set.3.23..Well.G3,2015-11-29T15:00:00Z,2,HKD,,
T..28.V2.19.set.3.12..Well.D2,2015-11-29T15:00:00Z,2,HKD,,
T..28.V2.3.Set.1.74.Well.B10,2015-11-29T15:00:00Z,2,HKD,,
T..28.V2.4.Set.1.56.Well.H7,2015-11-29T15:00:00Z,2,HKD,,
T..28.V2.7.set.3.16..Well.H2,2015-11-29T15:00:00Z,2,HKD,,
T..28.V2.9.Set.4.16..WellH2,2015-11-29T15:00:00Z,2,HKD,,
T..28.V2.10.Set.6.50.wellB7,2015-11-29T15:00:00Z,2,HKD,,
T..28.V2.18.set.3.83.Well.C11,2015-11-29T15:00:00Z,2,HKD,,
T..28.V2.2.Set.6.13.wellE2,2015-11-29T15:00:00Z,2,HKD,,
T..28.V2.20.Set.5.3.WellC1,2015-11-29T15:00:00Z,2,HKD,,
T..28.V2.5.Set.6.93.wellE12,2015-11-29T15:00:00Z,2,HKD,,
T..28.V2.6.Set.6.48.wellH6,2015-11-29T15:00:00Z,2,HKD,,
T..28.V2.8.set.7.18.wellB3,2015-11-29T15:00:00Z,2,HKD,,
T..28.V3.10.set.3.33..Well.A5,2015-11-29T15:00:00Z,3,HKD,,
T..28.V3.12.Set.1.2.Well.B1,2015-11-29T15:00:00Z,3,HKD,,
T..28.V3.13.Set.4.7..WellG1,2015-11-29T15:00:00Z,3,HKD,,
T..28.V3.14,2015-11-29T15:00:00Z,3,HKD,,
T..28.V3.15.Set.1.11.Well.C2,2015-11-29T15:00:00Z,3,HKD,,
T..28.V3.16.Set.1.37.Well.E5,2015-11-29T15:00:00Z,3,HKD,,
T..28.V3.18.Set.1.95.Well.G12,2015-11-29T15:00:00Z,3,HKD,,
T..28.V3.2,2015-11-29T15:00:00Z,3,HKD,,
T..28.V3.4.Set.4.78..WellF10,2015-11-29T15:00:00Z,3,HKD,,
T..28.V3.1.set.7.22.wellF3,2015-11-29T15:00:00Z,3,HKD,,
T..28.V3.11.Set.6.30.wellF4,2015-11-29T15:00:00Z,3,HKD,,
T..28.V3.17.Set.6.72.wellH9,2015-11-29T15:00:00Z,3,HKD,,
T..28.V3.19.set.3.87.Well.G11,2015-11-29T15:00:00Z,3,HKD,,
T..28.V3.20.Set.5.76.WellD10,2015-11-29T15:00:00Z,3,HKD,,
T..28.V3.3.Set.6.26.wellB4,2015-11-29T15:00:00Z,3,HKD,,
T..28.V3.5.Set.6.20.wellD3,2015-11-29T15:00:00Z,3,HKD,,
T..28.V3.6.set.7.24.wellH3,2015-11-29T15:00:00Z,3,HKD,,
T..28.V3.7.set.3.74.Well.B10,2015-11-29T15:00:00Z,3,HKD,,
T..28.V3.8.set.3.46.Well.F6,2015-11-29T15:00:00Z,3,HKD,,
T..28.V3.9.Set.5.90.WellB12,2015-11-29T15:00:00Z,3,HKD,,
T..28.V4.11.Set.1.31.Well.G4,2015-11-29T15:00:00Z,4,HKD,,
T..28.V4.14,2015-11-29T15:00:00Z,4,HKD,,
T..28.V4.17.Set.1.73.Well.A10,2015-11-29T15:00:00Z,4,HKD,,
T..28.V4.18,2015-11-29T15:00:00Z,4,HKD,,
T..28.V4.19.Set.4.41..WellA6,2015-11-29T15:00:00Z,4,HKD,,
T..28.V4.20.set.3.8..Well.H1,2015-11-29T15:00:00Z,4,HKD,,
T..28.V4.6.set.3.89..Well.A12,2015-11-29T15:00:00Z,4,HKD,,
T..28.V4.7.Set.4.81..WellA11,2015-11-29T15:00:00Z,4,HKD,,
T..28.V4.1.Set.5.72.WellH9,2015-11-29T15:00:00Z,4,HKD,,
T..28.V4.10.Set.5.35.WellC5,2015-11-29T15:00:00Z,4,HKD,,
T..28.V4.12.Set.6.55.wellG7,2015-11-29T15:00:00Z,4,HKD,,
T..28.V4.13.Set.5.60.WellD8,2015-11-29T15:00:00Z,4,HKD,,
T..28.V4.15.Set.6.23.wellG3,2015-11-29T15:00:00Z,4,HKD,,
T..28.V4.16.Set.6.46.wellF6,2015-11-29T15:00:00Z,4,HKD,,
T..28.V4.2.Set.5.49.WellA7,2015-11-29T15:00:00Z,4,HKD,,
T..28.V4.3.Set.6.33.wellA5,2015-11-29T15:00:00Z,4,HKD,,
T..28.V4.4.Set.6.44.wellD6,2015-11-29T15:00:00Z,4,HKD,,
T..28.V4.5.Set.6.89.wellA12,2015-11-29T15:00:00Z,4,HKD,,
T..28.V4.8.Set.6.83.wellC11,2015-11-29T15:00:00Z,4,HKD,,
T..28.V4.9.set.3.51.Well.C7,2015-11-29T15:00:00Z,4,HKD,,